{
    "learning_rate": 0.001,
    "batch_size": 64,
    "weight_decay": 0.0001,
    "train_metrics": {
        "loss": 1.0323232216621512,
        "accuracy": 0.6710555555555555,
        "precision": 0.6717702600398687,
        "recall": 0.6710555555555555,
        "f1": 0.6660191667737326
    },
    "val_metrics": {
        "loss": 1.2920139646733493,
        "accuracy": 0.5922666666666667,
        "precision": 0.6007741725337645,
        "recall": 0.5922666666666667,
        "f1": 0.5794475455954687
    },
    "test_metrics": {
        "loss": 1.2668714506793886,
        "accuracy": 0.6043,
        "precision": 0.614777327309955,
        "recall": 0.6043,
        "f1": 0.5921263479044575
    }
}