{
    "train_metrics": {
        "accuracy": 0.9542222222222222,
        "precision": 0.9568807896148339,
        "recall": 0.9542222222222222,
        "f1": 0.9545826791793843
    },
    "val_metrics": {
        "accuracy": 0.6304333333333333,
        "precision": 0.647766978976668,
        "recall": 0.6304333333333333,
        "f1": 0.6189808537383387
    },
    "test_metrics": {
        "accuracy": 0.6318333333333334,
        "precision": 0.6492604667447321,
        "recall": 0.6318333333333334,
        "f1": 0.6201969006716309
    },
    "best_hyperparameters": {
        "kernel": "rbf",
        "C": 10
    }
}