{
    "learning_rate": 0.1,
    "batch_size": 64,
    "weight_decay": 0,
    "train_metrics": {
        "loss": 0.6156862488264044,
        "accuracy": 0.7896666666666666,
        "precision": 0.7998143984180668,
        "recall": 0.7896666666666666,
        "f1": 0.7883738456477855
    },
    "val_metrics": {
        "loss": 1.0820464363484494,
        "accuracy": 0.7001,
        "precision": 0.7203668933853666,
        "recall": 0.7001,
        "f1": 0.6897419785429597
    },
    "test_metrics": {
        "loss": 1.0593911026205336,
        "accuracy": 0.7043666666666667,
        "precision": 0.7254431706376238,
        "recall": 0.7043666666666667,
        "f1": 0.6933124642717443
    }
}