{
    "learning_rate": 0.0001,
    "batch_size": 64,
    "weight_decay": 0.0001,
    "train_metrics": {
        "loss": 1.4308336918118496,
        "accuracy": 0.567,
        "precision": 0.584176698886422,
        "recall": 0.567,
        "f1": 0.5559973103503169
    },
    "val_metrics": {
        "loss": 1.565349955294432,
        "accuracy": 0.5037,
        "precision": 0.5333047499484513,
        "recall": 0.5037,
        "f1": 0.49242675178783296
    },
    "test_metrics": {
        "loss": 1.5497625961995074,
        "accuracy": 0.5139333333333334,
        "precision": 0.5420989211222528,
        "recall": 0.5139333333333334,
        "f1": 0.5037363234924729
    }
}