{
    "learning_rate": 0.0001,
    "batch_size": 64,
    "weight_decay": 0.001,
    "train_metrics": {
        "loss": 1.432253009474862,
        "accuracy": 0.5654,
        "precision": 0.5812045608248063,
        "recall": 0.5654,
        "f1": 0.5540908998685798
    },
    "val_metrics": {
        "loss": 1.5687846047029312,
        "accuracy": 0.5007333333333334,
        "precision": 0.5299807931426753,
        "recall": 0.5007333333333334,
        "f1": 0.4898003851678098
    },
    "test_metrics": {
        "loss": 1.5503911199346025,
        "accuracy": 0.5121,
        "precision": 0.5406536000971723,
        "recall": 0.5121,
        "f1": 0.5017523478157537
    }
}