{
    "learning_rate": 0.001,
    "batch_size": 64,
    "weight_decay": 0.0001,
    "train_loss": 0.933457198597136,
    "val_loss": 1.205161947177163,
    "accuracy": 0.6276,
    "precision": 0.6383023457699653,
    "recall": 0.6276,
    "f1": 0.6153447842968827
}