{
    "learning_rate": 0.001,
    "batch_size": 64,
    "weight_decay": 0.001,
    "train_metrics": {
        "loss": 1.047565166672325,
        "accuracy": 0.6692888888888889,
        "precision": 0.6703264267470231,
        "recall": 0.6692888888888889,
        "f1": 0.6639586795741355
    },
    "val_metrics": {
        "loss": 1.2970767387194928,
        "accuracy": 0.5905,
        "precision": 0.5991467706687499,
        "recall": 0.5905,
        "f1": 0.577614823324343
    },
    "test_metrics": {
        "loss": 1.272683069650044,
        "accuracy": 0.6023,
        "precision": 0.612523113453073,
        "recall": 0.6023,
        "f1": 0.5900007401946007
    }
}