{
    "learning_rate": 0.1,
    "batch_size": 64,
    "weight_decay": 0.001,
    "train_metrics": {
        "loss": 0.8243852174273602,
        "accuracy": 0.7307222222222223,
        "precision": 0.7563975026966496,
        "recall": 0.7307222222222223,
        "f1": 0.7299792828451417
    },
    "val_metrics": {
        "loss": 1.0938876662681352,
        "accuracy": 0.6566666666666666,
        "precision": 0.682136552497171,
        "recall": 0.6566666666666666,
        "f1": 0.652112453859195
    },
    "test_metrics": {
        "loss": 1.075126549963758,
        "accuracy": 0.6613333333333333,
        "precision": 0.6864107832598213,
        "recall": 0.6613333333333333,
        "f1": 0.6567174998193394
    }
}