{
    "learning_rate": 0.01,
    "batch_size": 64,
    "weight_decay": 0.0001,
    "train_metrics": {
        "loss": 0.9553619533374789,
        "accuracy": 0.6895777777777777,
        "precision": 0.6885179908483466,
        "recall": 0.6895777777777777,
        "f1": 0.6853365572787163
    },
    "val_metrics": {
        "loss": 1.2677341174723498,
        "accuracy": 0.6097,
        "precision": 0.6177387845157256,
        "recall": 0.6097,
        "f1": 0.5958669316915053
    },
    "test_metrics": {
        "loss": 1.241616694911965,
        "accuracy": 0.6227,
        "precision": 0.6318827768927394,
        "recall": 0.6227,
        "f1": 0.6090880373519273
    }
}