{
    "learning_rate": 0.01,
    "batch_size": 64,
    "weight_decay": 0.0001,
    "train_loss": 0.6345305336055471,
    "val_loss": 1.0636679706797163,
    "accuracy": 0.6961,
    "precision": 0.7118876684910552,
    "recall": 0.6961,
    "f1": 0.681344128862588
}