{
    "learning_rate": 0.1,
    "batch_size": 64,
    "weight_decay": 0.001,
    "train_metrics": {
        "loss": 0.9696109227110666,
        "accuracy": 0.6876555555555556,
        "precision": 0.6861900223647112,
        "recall": 0.6876555555555556,
        "f1": 0.6827524853618673
    },
    "val_metrics": {
        "loss": 1.2636476368792275,
        "accuracy": 0.6092666666666666,
        "precision": 0.6123576238569214,
        "recall": 0.6092666666666666,
        "f1": 0.5946863043775813
    },
    "test_metrics": {
        "loss": 1.2401803242626475,
        "accuracy": 0.6191333333333333,
        "precision": 0.6251422242728522,
        "recall": 0.6191333333333333,
        "f1": 0.6048561788143876
    }
}