{
    "learning_rate": 0.01,
    "batch_size": 64,
    "weight_decay": 0.001,
    "train_metrics": {
        "loss": 0.9560452579350529,
        "accuracy": 0.6915111111111111,
        "precision": 0.6905729783127682,
        "recall": 0.6915111111111111,
        "f1": 0.6869123887115445
    },
    "val_metrics": {
        "loss": 1.25843092398857,
        "accuracy": 0.6104666666666667,
        "precision": 0.6190770023622507,
        "recall": 0.6104666666666667,
        "f1": 0.5960375337958455
    },
    "test_metrics": {
        "loss": 1.2324952949593062,
        "accuracy": 0.6226333333333334,
        "precision": 0.6326735790955047,
        "recall": 0.6226333333333334,
        "f1": 0.6089315519439981
    }
}