{
    "learning_rate": 0.01,
    "batch_size": 64,
    "weight_decay": 0.001,
    "train_loss": 0.7564347058471078,
    "val_loss": 1.0882520368104296,
    "accuracy": 0.6733666666666667,
    "precision": 0.6877436555591101,
    "recall": 0.6733666666666667,
    "f1": 0.6576366380004156
}