{
    "learning_rate": 0.0001,
    "batch_size": 64,
    "weight_decay": 0.001,
    "train_loss": 1.401356490436139,
    "val_loss": 1.5360706731963005,
    "accuracy": 0.5154666666666666,
    "precision": 0.550738991110727,
    "recall": 0.5154666666666666,
    "f1": 0.5070355204075703
}