{
    "learning_rate": 0.01,
    "batch_size": 64,
    "weight_decay": 0,
    "train_metrics": {
        "loss": 0.9612652565370491,
        "accuracy": 0.6864444444444444,
        "precision": 0.6867130223287492,
        "recall": 0.6864444444444444,
        "f1": 0.6824044958150486
    },
    "val_metrics": {
        "loss": 1.2704239782494013,
        "accuracy": 0.6057666666666667,
        "precision": 0.6156979094412109,
        "recall": 0.6057666666666667,
        "f1": 0.5922593695692817
    },
    "test_metrics": {
        "loss": 1.24387749438601,
        "accuracy": 0.618,
        "precision": 0.6288339038003521,
        "recall": 0.618,
        "f1": 0.6049478715178596
    }
}