{
    "learning_rate": 0.0001,
    "batch_size": 64,
    "weight_decay": 0,
    "train_metrics": {
        "loss": 1.4299805414278455,
        "accuracy": 0.5662,
        "precision": 0.583749315322808,
        "recall": 0.5662,
        "f1": 0.5553077870338906
    },
    "val_metrics": {
        "loss": 1.565748166936293,
        "accuracy": 0.5026333333333334,
        "precision": 0.5323667588655769,
        "recall": 0.5026333333333334,
        "f1": 0.49164864123425794
    },
    "test_metrics": {
        "loss": 1.5478978393428615,
        "accuracy": 0.5131666666666667,
        "precision": 0.5425573908553553,
        "recall": 0.5131666666666667,
        "f1": 0.5032650133924599
    }
}