{
    "train_metrics": {
        "accuracy": 1.0,
        "precision": 1.0,
        "recall": 1.0,
        "f1": 1.0
    },
    "val_metrics": {
        "accuracy": 0.6320666666666667,
        "precision": 0.6520081514748949,
        "recall": 0.6320666666666667,
        "f1": 0.6213615982107786
    },
    "test_metrics": {
        "accuracy": 0.6369333333333334,
        "precision": 0.6568782844715478,
        "recall": 0.6369333333333334,
        "f1": 0.6266149283016917
    },
    "best_hyperparameters": {
        "n_estimators": 150,
        "max_depth": null
    }
}