{
    "learning_rate": 0.1,
    "batch_size": 64,
    "weight_decay": 0.0001,
    "train_metrics": {
        "loss": 0.5464719027577348,
        "accuracy": 0.8139777777777778,
        "precision": 0.8314449546023689,
        "recall": 0.8139777777777778,
        "f1": 0.8151830379741719
    },
    "val_metrics": {
        "loss": 1.039899577273489,
        "accuracy": 0.7079666666666666,
        "precision": 0.7406009457257821,
        "recall": 0.7079666666666666,
        "f1": 0.6985392952375257
    },
    "test_metrics": {
        "loss": 1.0251902644313984,
        "accuracy": 0.7116,
        "precision": 0.7453316293053242,
        "recall": 0.7116,
        "f1": 0.7017174241067232
    }
}