{
    "learning_rate": 0.0001,
    "batch_size": 64,
    "weight_decay": 0,
    "train_loss": 1.3999133259587535,
    "val_loss": 1.5358751864829805,
    "accuracy": 0.5156333333333334,
    "precision": 0.5489997621563593,
    "recall": 0.5156333333333334,
    "f1": 0.5068159265643122
}