{
    "learning_rate": 0.0001,
    "batch_size": 64,
    "weight_decay": 0.0001,
    "train_loss": 1.3991078830561743,
    "val_loss": 1.5343755262492815,
    "accuracy": 0.5177666666666667,
    "precision": 0.5517034226124206,
    "recall": 0.5177666666666667,
    "f1": 0.5090987791122198
}