{
    "learning_rate": 0.01,
    "batch_size": 64,
    "weight_decay": 0,
    "train_loss": 0.6194583454196472,
    "val_loss": 1.0917763853632312,
    "accuracy": 0.6940333333333333,
    "precision": 0.7106778472200139,
    "recall": 0.6940333333333333,
    "f1": 0.6759750950717077
}