{
    "learning_rate": 0.001,
    "batch_size": 64,
    "weight_decay": 0,
    "train_loss": 0.9314889032618747,
    "val_loss": 1.2049626518668397,
    "accuracy": 0.6299333333333333,
    "precision": 0.639414832127651,
    "recall": 0.6299333333333333,
    "f1": 0.61730742918973
}