{
    "learning_rate": 0.1,
    "batch_size": 64,
    "weight_decay": 0,
    "train_metrics": {
        "loss": 0.9851497137216109,
        "accuracy": 0.6779,
        "precision": 0.6756907052055733,
        "recall": 0.6779,
        "f1": 0.6728397774510639
    },
    "val_metrics": {
        "loss": 1.2890546297722025,
        "accuracy": 0.6047333333333333,
        "precision": 0.6100532558749746,
        "recall": 0.6047333333333333,
        "f1": 0.5888982511652237
    },
    "test_metrics": {
        "loss": 1.267722103387308,
        "accuracy": 0.6125333333333334,
        "precision": 0.6204559887314512,
        "recall": 0.6125333333333334,
        "f1": 0.5974277345644273
    }
}