{
    "learning_rate": 0.1,
    "batch_size": 64,
    "weight_decay": 0.0001,
    "train_metrics": {
        "loss": 0.969799482110721,
        "accuracy": 0.6819111111111111,
        "precision": 0.6789095590419528,
        "recall": 0.6819111111111111,
        "f1": 0.6763755774779071
    },
    "val_metrics": {
        "loss": 1.309530508416548,
        "accuracy": 0.6091666666666666,
        "precision": 0.614343012825701,
        "recall": 0.6091666666666666,
        "f1": 0.5925965742571865
    },
    "test_metrics": {
        "loss": 1.2858982477615128,
        "accuracy": 0.6158333333333333,
        "precision": 0.6233290215803385,
        "recall": 0.6158333333333333,
        "f1": 0.6000112381790907
    }
}