{
    "learning_rate": 0.001,
    "batch_size": 64,
    "weight_decay": 0,
    "train_metrics": {
        "loss": 1.0303016615066447,
        "accuracy": 0.6711222222222222,
        "precision": 0.6718750314142121,
        "recall": 0.6711222222222222,
        "f1": 0.66611825914117
    },
    "val_metrics": {
        "loss": 1.2917340998964777,
        "accuracy": 0.5930333333333333,
        "precision": 0.6023705248489366,
        "recall": 0.5930333333333333,
        "f1": 0.5802830081186565
    },
    "test_metrics": {
        "loss": 1.2668359180503308,
        "accuracy": 0.6038333333333333,
        "precision": 0.6146409389527031,
        "recall": 0.6038333333333333,
        "f1": 0.5916074144594012
    }
}